Workbook
Name _Column: Table7[[#All],[Region]]
Name _ColumnB: Table9[[#All],[Region]]
Name _Start: Table7[[#Headers],[Country]]
Name _StartB: Table9[[#Headers],[NS name]]
Name Comment: Comments!$B$4
Name Country: Table6[Country]
Name Data_branches: Start!$O$29
Name Data_Country: Start!$K$12
Name Data_EA1: Start!$E$18
Name Data_EA2: Start!$L$18
Name Data_EA3: Start!$E$24
Name Data_MDR1: Start!$E$16
Name Data_MDR2: Start!$L$16
Name Data_MDR3: Start!$E$22
Name Data_staff: Start!$F$29
Name Data_units: Start!$L$29
Name Data_vol: Start!$C$29
Name Language: Start!$M$2
Name NS: Table1[NS]
Name Reach_EA1: 'People to be reached'!$G$11
Name Reach_EA2: 'People to be reached'!$G$12
Name Reach_EA3: 'People to be reached'!$G$13
Name Region: Table8[Region]
Name RegionAR: Table8[RegionAR]
Name RegionFR: Table8[RegionFR]
Name RegionSP: Table8[RegionSP]
Name TR: _xlfn.LAMBDA(_xlpm.id, INDEX(Translations[], MATCH(_xlpm.id, Translations[id], 0), _xlfn.XMATCH(Language, Translations[#Headers]) ) )
Name Version: TemplateData!$I$11

Sheet TemplateData
A1: Country | B1: NS | C1: FR | D1: SP | E1: AR | G1: Country | I1: Region | J1: RegionFR | K1: RegionSP | L1: RegionAR | N1: Region | O1: Country | Q1: Region | R1: NS name | S1: Value | U1: ISO3 | V1: Country | W1: Indicator | X1: ValueNum | Y1: Round | AA1: Country | AB1: Attribute | AC1: Value | AD1: Year | AF1: id | AG1: EN | AH1: FR | AI1: SP | AJ1: AR
A2: Afghanistan | B2: Afghan Red Crescent | C2: Croissant-Rouge afghan | D2: Media Luna Roja Afgana | E2: الهلال الأحمر الأفغاني | G2: Afghanistan | I2: Asia Pacific | J2: Asie-Pacifique | K2: Asia Pacífico | L2: آسيا والمحيط الهادئ | N2: Africa | O2: Angola | Q2: Africa | R2: Angola Red Cross | S2: Angola Red Cross | U2: AFG | V2: Afghanistan | W2: Number of National Society Local Units | X2: 329 | Y2: AR25 | AA2: Afghanistan | AB2: Branches | AC2: 34 | AD2: 2024 | AF2: SP2 | AG2: Response - Disasters and Crises | AH2: Réponse - Catastrophes et crises | AI2: Respuesta - Desastres y crisis | AJ2: الاستجابة - الكوارث والأزمات
A3: Albania | B3: Albanian Red Cross | C3: Croix-Rouge albanaise | D3: Cruz Roja de Albania | E3: الصليب الأحمر الألباني | G3: Albania | I3: Africa | J3: Afrique | K3: África | L3: أفريقيا | N3: Africa | O3: Benin | Q3: Africa | R3: Baphalali Eswatini Red Cross Society | S3: Baphalali Eswatini Red Cross Society | U3: AFG | V3: Afghanistan | W3: Number of National Society branches | X3: 34 | Y3: AR25 | AA3: Afghanistan | AB3: Local Units | AC3: 329 | AD3: 2024 | AF3: SP1 | AG3: Resilience - Climate and Environment | AH3: Résilience - Climat et environnement | AI3: Resiliencia - Clima y medio ambiente | AJ3: الصمود - المناخ والبيئة
A4: Algeria | B4: Algerian Red Crescent | C4: Croissant-Rouge algérien | D4: Media Luna Roja Argelina | E4: الهلال الأحمر الجزائري | G4: Algeria | I4: Americas | J4: Amériques | K4: Américas | L4: الأمريكتان | N4: Africa | O4: Botswana | Q4: Africa | R4: Botswana Red Cross Society | S4: Botswana Red Cross Society | U4: AFG | V4: Afghanistan | W4: Number of paid staff | X4: 4006 | Y4: AR25 | AA4: Afghanistan | AB4: Staff | AC4: 5’000 | AD4: 2024 | AF4: SP3 | AG4: Resilience - Health and Well-being | AH4: Résilience - Santé et bien-être | AI4: Resiliencia - Salud y bienestar | AJ4: الصمود - الصحة والرفاه
A5: United States | B5: American Red Cross | C5: Croix-Rouge américaine | D5: Cruz Roja Americana | E5: الصليب الأحمر الأمريكي | G5: Andorra | I5: Europe and Central Asia | J5: Europe et Asie centrale | K5: Europa y Asia Central | L5: أوروبا وآسيا الوسطى | N5: Africa | O5: Burkina Faso | Q5: Africa | R5: Burkinabe Red Cross Society | S5: Burkinabe Red Cross Society | U5: AFG | V5: Afghanistan | W5: Number of people volunteering | X5: 26568 | Y5: AR25 | AA5: Afghanistan | AB5: Volunteers | AC5: 30’000 | AD5: 2024 | AF5: SP4 | AG5: Resilience - Migration and Displacement | AH5: Résilience - Migration et déplacements | AI5: Resiliencia - Migración y desplazamiento | AJ5: الصمود - الهجرة والنزوح
A6: Andorra | B6: Andorran Red Cross | C6: Croix-Rouge andorrane | D6: Cruz Roja Andorrana | E6: الصليب الأحمر الأندوري | G6: Angola | I6: Middle East and North Africa | J6: Moyen-Orient et Afrique du Nord | K6: Medio Oriente y Norte de África | L6: الشرق الأوسط وشمال أفريقيا | N6: Africa | O6: Burundi | Q6: Africa | R6: Burundi Red Cross | S6: Burundi Red Cross | U6: ALB | V6: Albania | W6: Number of National Society Local Units | X6: 39 | Y6: AR25 | AA6: Albania | AB6: Branches | AC6: 39 | AD6: 2024 | AF6: SP5 | AG6: Respect - Values, Power and Inclusion | AH6: Respect - Valeurs, pouvoir et inclusion | AI6: Respeto - Valores, poder e inclusión | AJ6: الاحترام - القيم والسلطة والشمول
A7: Angola | B7: Angola Red Cross | C7: Croix-Rouge angolaise | D7: Cruz Roja de Angola | E7: الصليب الأحمر الأنغولي | G7: Antigua and Barbuda | N7: Africa | O7: Cameroon | Q7: Africa | R7: Cameroon Red Cross Society | S7: Cameroon Red Cross Society | U7: ALB | V7: Albania | W7: Number of National Society branches | X7: 39 | Y7: AR25 | AA7: Albania | AB7: Local Units | AC7: 39 | AD7: 2024 | AF7: Efs | AG7: Enabling Functions | AH7: Fonctions habilitantes | AI7: Funciones habilitantes | AJ7: الوظائف التمكينية
A8: Antigua and Barbuda | B8: Antigua and Barbuda Red Cross | C8: Croix-Rouge d'Antigua-et-Barbuda | D8: Cruz Roja de Antigua y Barbuda | E8: الصليب الأحمر لأنتيغوا وباربودا | G8: Argentina | N8: Africa | O8: Cape Verde | Q8: Africa | R8: Central African Red Cross Society | S8: Central African Red Cross Society | U8: ALB | V8: Albania | W8: Number of paid staff | X8: 58 | Y8: AR25 | AA8: Albania | AB8: Staff | AC8: 58 | AD8: 2024 | AF8: T01 | AG8: 2027 Planning - Start here | AH8: Planification 2026 - Commencez ici | AI8: Planificación 2027 - Comience aquí | AJ8: تخطيط 2027 - ابدأ هنا
A9: Argentina | B9: Argentine Red Cross | C9: Croix-Rouge argentine | D9: Cruz Roja Argentina | E9: الصليب الأحمر الأرجنتيني | G9: Armenia | N9: Africa | O9: Central African Republic | Q9: Africa | R9: Congolese Red Cross | S9: Congolese Red Cross | U9: ALB | V9: Albania | W9: Number of people volunteering | X9: 2800 | Y9: AR25 | AA9: Albania | AB9: Volunteers | AC9: 3’000 | AD9: 2024 | AF9: T02 | AG9: Language | AH9: Langue | AI9: Idioma | AJ9: اللغة
A10: Armenia | B10: Armenian Red Cross Society | C10: Société de la Croix-Rouge arménienne | D10: Sociedad de la Cruz Roja de Armenia | E10: جمعية الصليب الأحمر الأرمني | G10: Australia | N10: Africa | O10: Chad | Q10: Africa | R10: Ethiopian Red Cross Society | S10: Ethiopian Red Cross Society | U10: DZA | V10: Algeria | W10: Number of National Society Local Units | X10: 592 | Y10: AR25 | AA10: Algeria | AB10: Branches | AC10: 58 | AD10: 2024 | AF10: T03 | AG10: Instructions | AH10: Instructions | AI10: Instrucciones | AJ10: تعليمات
A11: Australia | B11: Australian Red Cross | C11: Croix-Rouge australienne | D11: Cruz Roja Australiana | E11: الصليب الأحمر الأسترالي | G11: Austria | I11: P27.V1.1 | N11: Africa | O11: Comoros | Q11: Africa | R11: Gabonese Red Cross Society | S11: Gabonese Red Cross Society | U11: DZA | V11: Algeria | W11: Number of National Society branches | X11: 58 | Y11: AR25 | AA11: Algeria | AB11: Local Units | AC11: 592 | AD11: 2024 | AF11: T04 | AG11: Cell open for input | AH11: Cellule ouverte pour saisie | AI11: Celda abierta para entrada | AJ11: الخلية مفتوحة للإدخال
A12: Austria | B12: Austrian Red Cross | C12: Croix-Rouge autrichienne | D12: Cruz Roja Austríaca | E12: الصليب الأحمر النمساوي | G12: Azerbaijan | N12: Africa | O12: Congo | Q12: Africa | R12: Ghana Red Cross Society | S12: Ghana Red Cross Society | U12: DZA | V12: Algeria | W12: Number of paid staff | X12: 181 | Y12: AR25 | AA12: Algeria | AB12: Staff | AC12: 181 | AD12: 2024 | AF12: T05 | AG12: Cell Locked (or Automatically prefilled) | AH12: Cellule verrouillée ou préremplie automatiquement | AI12: Celda bloqueada (o rellenada automáticamente) | AJ12: الخلية مقفلة أو معبئة مسبقاً
A13: Bahrain | B13: Bahrain Red Crescent Society | C13: Société du Croissant-Rouge de Bahreïn | D13: Sociedad de la Media Luna Roja de Bahrein | E13: جمعية الهلال الأحمر البحريني | G13: Bahamas | N13: Africa | O13: Congo, the Democratic Republic of the | Q13: Africa | R13: Kenya Red Cross Society | S13: Kenya Red Cross Society | U13: DZA | V13: Algeria | W13: Number of people volunteering | X13: 36000 | Y13: AR25 | AA13: Algeria | AB13: Volunteers | AC13: 36’000 | AD13: 2024 | AF13: T06 | AG13: Guidance | AH13: Guidage | AI13: Guía | AJ13: إرشادات
A14: Bangladesh | B14: Bangladesh Red Crescent Society | C14: Croissant-Rouge du Bangladesh | D14: Media Luna Roja de Bangladesh | E14: جمعية الهلال الأحمر البنغلاديشي | G14: Bahrain | N14: Africa | O14: Côte d'Ivoire | Q14: Africa | R14: Lesotho Red Cross Society | S14: Lesotho Red Cross Society | U14: AGO | V14: Angola | W14: Number of National Society Local Units | Y14: AR25 | AA14: Andorra | AB14: Branches | AC14: 1 | AD14: 2024 | AF14: T07 | AG14: Select your country | AH14: Sélectionnez votre pays | AI14: Seleccione su país | AJ14: اختر بلدك
A15: Eswatini, the Kingdom of | B15: Baphalali Eswatini Red Cross Society | C15: Croix-Rouge d'Eswatini | D15: Cruz Roja de Suazilandia | E15: جمعية الصليب الأحمر بفالاتشي إسواتيني | G15: Bangladesh | N15: Africa | O15: Djibouti | Q15: Africa | R15: Liberian Red Cross Society | S15: Liberian Red Cross Society | U15: AGO | V15: Angola | W15: Number of National Society branches | Y15: AR25 | AA15: Andorra | AB15: Local Units | AC15: 1 | AD15: 2024 | AF15: T08 | AG15: Region | AH15: Région | AI15: Región | AJ15: المنطقة
A16: Belarus | B16: Belarus Red Cross | C16: Croix-Rouge du Bélarus | D16: Cruz Roja de Belarús | E16: الصليب الأحمر البيلاروسي | G16: Barbados | N16: Africa | O16: Equatorial Guinea | Q16: Africa | R16: Malagasy Red Cross Society | S16: Malagasy Red Cross Society | U16: AGO | V16: Angola | W16: Number of paid staff | Y16: AR25 | AA16: Andorra | AB16: Staff | AC16: 76 | AD16: 2024 | AF16: T09 | AG16: Country | AH16: Pays | AI16: País | AJ16: البلد
A17: Belgium | B17: Belgian Red Cross | C17: Croix-Rouge de Belgique | D17: Cruz Roja de Bélgica | E17: الصليب الأحمر البلجيكي | G17: Belarus | N17: Africa | O17: Eswatini, the Kingdom of | Q17: Africa | R17: Malawi Red Cross Society | S17: Malawi Red Cross Society | U17: AGO | V17: Angola | W17: Number of people volunteering | Y17: AR25 | AA17: Andorra | AB17: Volunteers | AC17: 413 | AD17: 2024 | AF17: T10 | AG17: Emergency Appeal 1 | AH17: Appel d'Urgence 1 | AI17: Llamamiento de Emergencia 1 | AJ17: النداء الطارئ 1
A18: Belize | B18: Belize Red Cross Society | C18: Société de la Croix-Rouge du Belize | D18: Sociedad de la Cruz Roja de Belice | E18: جمعية الصليب الأحمر في بليز | G18: Belgium | N18: Africa | O18: Ethiopia | Q18: Africa | R18: Mali Red Cross | S18: Mali Red Cross | U18: ATG | V18: Antigua and Barbuda | W18: Number of National Society Local Units | X18: 1 | Y18: AR25 | AA18: Angola | AB18: Branches | AC18: 18 | AD18: 2024 | AF18: T11 | AG18: Emergency Appeal 2 | AH18: Appel d'Urgence 2 | AI18: Llamamiento de Emergencia 2 | AJ18: النداء الطارئ 2
A19: Bhutan | B19: Bhutan Red Cross | C19: Croix-Rouge du Bhoutan | D19: Cruz Roja de Bután | E19: الصليب الأحمر البوتاني | G19: Belize | N19: Africa | O19: Gabon | Q19: Africa | R19: Mauritanian Red Crescent | S19: Mauritanian Red Crescent | U19: ATG | V19: Antigua and Barbuda | W19: Number of National Society branches | X19: 0 | Y19: AR25 | AA19: Angola | AB19: Local Units | AC19: 19 | AD19: 2024 | AF19: T12 | AG19: MDR code | AH19: Code MDR | AI19: Código MDR | AJ19: رمز MDR
A20: Bolivia, Plurinational State of | B20: Bolivian Red Cross | C20: Croix-Rouge bolivienne | D20: Cruz Roja Boliviana | E20: الصليب الأحمر البوليفي | G20: Benin | N20: Africa | O20: Gambia | Q20: Africa | R20: Mauritius Red Cross Society | S20: Mauritius Red Cross Society | U20: ATG | V20: Antigua and Barbuda | W20: Number of paid staff | X20: 5 | Y20: AR25 | AA20: Angola | AB20: Staff | AC20: 77 | AD20: 2024 | AF20: T13 | AG20: Name | AH20: Nom | AI20: Nombre | AJ20: الاسم
A21: Botswana | B21: Botswana Red Cross Society | C21: Société de la Croix-Rouge du Botswana | D21: Sociedad de la Cruz Roja de Botsuana | E21: جمعية الصليب الأحمر البوتسواني | G21: Bhutan | N21: Africa | O21: Ghana | Q21: Africa | R21: Mozambique Red Cross Society | S21: Mozambique Red Cross Society | U21: ATG | V21: Antigua and Barbuda | W21: Number of people volunteering | X21: 66 | Y21: AR25 | AA21: Angola | AB21: Volunteers | AC21: 5’000 | AD21: 2024 | AF21: T14 | AG21: Emergency Appeal 3 | AH21: Appel d'Urgence 3 | AI21: Llamamiento de Emergencia 3 | AJ21: النداء الطارئ 3
A22: Brazil | B22: Brazilian Red Cross | C22: Croix-Rouge brésilienne | D22: Cruz Roja Brasileña | E22: الصليب الأحمر البرازيلي | G22: Bolivia, Plurinational State of | N22: Africa | O22: Guinea | Q22: Africa | R22: Namibia Red Cross | S22: Namibia Red Cross | U22: ARG | V22: Argentina | W22: Number of National Society Local Units | X22: 65 | Y22: AR25 | AA22: Antigua and Barbuda | AB22: Local Units | AC22: 1 | AD22: 2024 | AF22: T15 | AG22: National Society key figures | AH22: Chiffres clés de la Société nationale | AI22: Cifras clave de la Sociedad Nacional | AJ22: الأرقام الرئيسية للجمعية الوطنية
A23: United Kingdom | B23: British Red Cross | C23: Croix-Rouge britannique | D23: Cruz Roja Británica | E23: الصليب الأحمر البريطاني | G23: Bosnia and Herzegovina | N23: Africa | O23: Guinea-Bissau | Q23: Africa | R23: Nigerian Red Cross Society | S23: Nigerian Red Cross Society | U23: ARG | V23: Argentina | W23: Number of National Society branches | X23: 63 | Y23: AR25 | AA23: Antigua and Barbuda | AB23: Staff | AC23: 5 | AD23: 2024 | AF23: T16 | AG23: Volunteers | AH23: Volontaires | AI23: Voluntarios | AJ23: المتطوعون
A24: Brunei Darussalam | B24: Brunei Darussalam Red Crescent Society | C24: Croissant-Rouge de Brunéi | D24: Media Luna Roja de Brunei | E24: جمعية الهلال الأحمر في بروناي دار السلام | G24: Botswana | N24: Africa | O24: Kenya | Q24: Africa | R24: Red Crescent Society of Djibouti | S24: Red Crescent Society of Djibouti | U24: ARG | V24: Argentina | W24: Number of paid staff | X24: 1855 | Y24: AR25 | AA24: Antigua and Barbuda | AB24: Volunteers | AC24: 66 | AD24: 2024 | AF24: T17 | AG24: Staff | AH24: Personnel | AI24: Personal | AJ24: الموظفون
A25: Bulgaria | B25: Bulgarian Red Cross | C25: Croix-Rouge bulgare | D25: Cruz Roja Búlgara | E25: الصليب الأحمر البلغاري | G25: Brazil | N25: Africa | O25: Lesotho | Q25: Africa | R25: Red Cross Society of Côte d'Ivoire | S25: Red Cross Society of Côte d'Ivoire | U25: ARG | V25: Argentina | W25: Number of people volunteering | X25: 7160 | Y25: AR25 | AA25: Argentina | AB25: Branches | AC25: 63 | AD25: 2024 | AF25: T18 | AG25: Local Units | AH25: Unités locales | AI25: Unidades locales | AJ25: الوحدات المحلية
A26: Burkina Faso | B26: Burkinabe Red Cross Society | C26: Croix-Rouge burkinabè | D26: Cruz Roja de Burkina Faso | E26: جمعية الصليب الأحمر البوركينية | G26: Brunei Darussalam | N26: Africa | O26: Liberia | Q26: Africa | R26: Red Cross Society of Guinea | S26: Red Cross Society of Guinea | U26: ARM | V26: Armenia | W26: Number of National Society Local Units | X26: 54 | Y26: AR25 | AA26: Argentina | AB26: Local Units | AC26: 65 | AD26: 2024 | AF26: T19 | AG26: Branches | AH26: Branches | AI26: Sucursales | AJ26: الفروع
A27: Burundi | B27: Burundi Red Cross | C27: Croix-Rouge du Burundi | D27: Cruz Roja de Burundi | E27: الصليب الأحمر البوروندي | G27: Bulgaria | N27: Africa | O27: Madagascar | Q27: Africa | R27: Red Cross Society of Guinea-Bissau | S27: Red Cross Society of Guinea-Bissau | U27: ARM | V27: Armenia | W27: Number of National Society branches | X27: 12 | Y27: AR25 | AA27: Argentina | AB27: Staff | AC27: 2’000 | AD27: 2024 | AF27: T20 | AG27: People to be reached by | AH27: Personnes à atteindre par | AI27: Personas a ser alcanzadas por | AJ27: الأشخاص المستهدفون بواسطة
A28: Cambodia | B28: Cambodian Red Cross Society | C28: Croix-Rouge cambodgienne | D28: Cruz Roja de Camboya | E28: جمعية الصليب الأحمر الكمبودي | G28: Burkina Faso | N28: Africa | O28: Malawi | Q28: Africa | R28: Red Cross Society of Niger | S28: Red Cross Society of Niger | U28: ARM | V28: Armenia | W28: Number of paid staff | X28: 300 | Y28: AR25 | AA28: Argentina | AB28: Volunteers | AC28: 7’000 | AD28: 2024 | AF28: T21 | AG28: Longer term programmes | AH28: Programmes à plus long terme | AI28: Programas a más largo plazo | AJ28: برامج طويلة الأجل
A29: Cameroon | B29: Cameroon Red Cross Society | C29: Croix-Rouge camerounaise | D29: Cruz Roja del Camerún | E29: جمعية الصليب الأحمر الكاميروني | G29: Burundi | N29: Africa | O29: Mali | Q29: Africa | R29: Red Cross of Benin | S29: Red Cross of Benin | U29: ARM | V29: Armenia | W29: Number of people volunteering | X29: 1792 | Y29: AR25 | AA29: Armenia | AB29: Branches | AC29: 12 | AD29: 2024 | AF29: T22 | AG29: Year | AH29: Année | AI29: Año | AJ29: السنة
... A52: Ghana | B52: Ghana Red Cross Society | C52: Croix-Rouge du Ghana | D52: Cruz Roja de Ghana | E52: جمعية الصليب الأحمر الغاني | G52: Dominican Republic | N52: Americas | O52: Bahamas | Q52: Afrique | R52: Croissant-Rouge mauritanien | S52: Mauritanian Red Crescent | U52: BEN | V52: Benin | W52: Number of paid staff | X52: 85 | Y52: AR25 | AA52: Bahrain | AB52: Volunteers | AC52: 49 | AD52: 2024 | AF52: T55 | AG52: USE THIS TEMPLATE ONLY IF YOU HAVE CONNECTIVITY ISSUES AND CAN'T ACCESS THE | AH52: UTILISEZ CE MODÈLE UNIQUEMENT SI VOUS RENCONTREZ DES PROBLÈMES DE CONNEXION ET NE POUVEZ PAS ACCÉDER AU | AI52: UTILICE ESTA PLANTILLA ÚNICAMENTE SI TIENE PROBLEMAS DE CONECTIVIDAD Y NO PUEDE ACCEDER AL | AJ52: استخدم هذا النموذج فقط إذا كنت تواجه مشكلات في الاتصال ولا يمكنك الوصول إلى
A53: Grenada | B53: Grenada Red Cross Society | C53: Croix-Rouge de Grenade | D53: Cruz Roja de Granada | E53: جمعية الصليب الأحمر في غرينادا | G53: Ecuador | N53: Americas | O53: Barbados | Q53: Afrique | R53: Croissant-Rouge soudanais | S53: The Sudanese Red Crescent | U53: BEN | V53: Benin | W53: Number of people volunteering | X53: 12600 | Y53: AR25 | AA53: Bangladesh | AB53: Branches | AC53: 68 | AD53: 2024
A54: Guatemala | B54: Guatemalan Red Cross | C54: Croix-Rouge du Guatemala | D54: Cruz Roja Guatemalteca | E54: الصليب الأحمر الغواتيمالي | G54: Egypt | N54: Americas | O54: Belize | Q54: Afrique | R54: Croix-Rouge angolaise | S54: Angola Red Cross | U54: BIH | V54: Bosnia and Herzegovina | W54: Number of National Society Local Units | X54: 165 | Y54: AR25 | AA54: Bangladesh | AB54: Local Units | AC54: 155 | AD54: 2024
A55: Haiti | B55: Haiti Red Cross Society | C55: Croix-Rouge haïtienne | D55: Sociedad de la Cruz Roja de Haití | E55: جمعية الصليب الأحمر الهايتي | G55: El Salvador | N55: Americas | O55: Bolivia, Plurinational State of | Q55: Afrique | R55: Croix-Rouge burkinabè | S55: Burkinabe Red Cross Society | U55: BIH | V55: Bosnia and Herzegovina | W55: Number of National Society branches | X55: 21 | Y55: AR25 | AA55: Bangladesh | AB55: Staff | AC55: 3’000 | AD55: 2024
A56: Greece | B56: Hellenic Red Cross | C56: Croix-Rouge hellénique | D56: Cruz Roja Helénica | E56: الصليب الأحمر اليوناني | G56: Equatorial Guinea | N56: Americas | O56: Brazil | Q56: Afrique | R56: Croix-Rouge béninoise | S56: Red Cross of Benin | U56: BIH | V56: Bosnia and Herzegovina | W56: Number of paid staff | X56: 339 | Y56: AR25 | AA56: Bangladesh | AB56: Volunteers | AC56: 132’000 | AD56: 2024
A57: Honduras | B57: Honduran Red Cross | C57: Croix-Rouge du Honduras | D57: Cruz Roja Hondureña | E57: الصليب الأحمر الهندوراسي | G57: Estonia | N57: Americas | O57: Canada | Q57: Afrique | R57: Croix-Rouge camerounaise | S57: Cameroon Red Cross Society | U57: BIH | V57: Bosnia and Herzegovina | W57: Number of people volunteering | X57: 9781 | Y57: AR25 | AA57: Barbados | AB57: Local Units | AC57: 1 | AD57: 2024
A58: Hungary | B58: Hungarian Red Cross | C58: Croix-Rouge hongroise | D58: Cruz Roja Húngara | E58: الصليب الأحمر المجري | G58: Eswatini, the Kingdom of | N58: Americas | O58: Chile | Q58: Afrique | R58: Croix-Rouge congolaise | S58: Congolese Red Cross | U58: BWA | V58: Botswana | W58: Number of National Society Local Units | Y58: AR25 | AA58: Barbados | AB58: Staff | AC58: 7 | AD58: 2024
A59: Iceland | B59: Icelandic Red Cross | C59: Croix-Rouge islandaise | D59: Cruz Roja Islandesa | E59: الصليب الأحمر الأيسلندي | G59: Ethiopia | N59: Americas | O59: Colombia | Q59: Afrique | R59: Croix-Rouge d'Eswatini | S59: Baphalali Eswatini Red Cross Society | U59: BWA | V59: Botswana | W59: Number of National Society branches | Y59: AR25 | AA59: Barbados | AB59: Volunteers | AC59: 65 | AD59: 2024
A60: India | B60: Indian Red Cross Society | C60: Croix-Rouge de l'Inde | D60: Cruz Roja de la India | E60: جمعية الصليب الأحمر الهندي | G60: Fiji | N60: Americas | O60: Costa Rica | Q60: Afrique | R60: Croix-Rouge de Côte d'Ivoire | S60: Red Cross Society of Côte d'Ivoire | U60: BWA | V60: Botswana | W60: Number of paid staff | Y60: AR25 | AA60: Belgium | AB60: Branches | AC60: 364 | AD60: 2024
A61: Indonesia | B61: Indonesian Red Cross Society | C61: Croix-Rouge indonésienne | D61: Cruz Roja Indonesia | E61: جمعية الصليب الأحمر الإندونيسي | G61: Finland | N61: Americas | O61: Cuba | Q61: Afrique | R61: Croix-Rouge de Guinée équatoriale | S61: Red Cross of Equatorial Guinea | U61: BWA | V61: Botswana | W61: Number of people volunteering | Y61: AR25 | AA61: Belgium | AB61: Local Units | AC61: 364 | AD61: 2024
A62: Iraq | B62: Iraqi Red Crescent Society | C62: Croissant-Rouge de l'Iraq | D62: Media Luna Roja del Iraq | E62: جمعية الهلال الأحمر العراقي | G62: France | N62: Americas | O62: Dominica | Q62: Afrique | R62: Croix-Rouge de Maurice | S62: Mauritius Red Cross Society | U62: BRA | V62: Brazil | W62: Number of National Society Local Units | X62: 69 | Y62: AR25 | AA62: Belgium | AB62: Staff | AC62: 4’000 | AD62: 2024
A63: Ireland | B63: Irish Red Cross Society | C63: Croix-Rouge irlandaise | D63: Cruz Roja Irlandesa | E63: جمعية الصليب الأحمر الأيرلندي | G63: Gabon | N63: Americas | O63: Dominican Republic | Q63: Afrique | R63: Croix-Rouge de Namibie | S63: Namibia Red Cross | U63: BRA | V63: Brazil | W63: Number of National Society branches | X63: 15 | Y63: AR25 | AA63: Belgium | AB63: Volunteers | AC63: 25’000 | AD63: 2024
A64: Israel | B64: Israel - Magen David Adom in Israel | C64: Israël - Magen David Adom d'Israël | D64: Israel - Magen David Adom de Israel | E64: نجمة داوود الحمراء في إسرائيل | G64: Gambia | N64: Americas | O64: Ecuador | Q64: Afrique | R64: Croix-Rouge de Sao Tomé-et-Principe | S64: Sao Tome and Principe Red Cross | U64: BRA | V64: Brazil | W64: Number of paid staff | X64: 1810 | Y64: AR25 | AA64: Belize | AB64: Branches | AC64: 6 | AD64: 2024
A65: Italy | B65: Italian Red Cross | C65: Croix-Rouge italienne | D65: Cruz Roja Italiana | E65: الصليب الأحمر الإيطالي | G65: Georgia | N65: Americas | O65: El Salvador | Q65: Afrique | R65: Croix-Rouge de Sierra Leone | S65: Sierra Leone Red Cross Society | U65: BRA | V65: Brazil | W65: Number of people volunteering | X65: 12000 | Y65: AR25 | AA65: Belize | AB65: Local Units | AC65: 5 | AD65: 2024
A66: Jamaica | B66: Jamaica Red Cross | C66: Croix-Rouge de la Jamaïque | D66: Cruz Roja de Jamaica | E66: الصليب الأحمر الجامايكي | G66: Germany | N66: Americas | O66: Grenada | Q66: Afrique | R66: Croix-Rouge de Zambie | S66: Zambia Red Cross Society | U66: BRN | V66: Brunei Darussalam | W66: Number of National Society Local Units | X66: 4 | Y66: AR25 | AA66: Belize | AB66: Staff | AC66: 9 | AD66: 2024
A67: Japan | B67: Japanese Red Cross Society | C67: Société de la Croix-Rouge du Japon | D67: Sociedad de la Cruz Roja Japonesa | E67: جمعية الصليب الأحمر الياباني | G67: Ghana | N67: Americas | O67: Guatemala | Q67: Afrique | R67: Croix-Rouge de l'Ouganda | S67: The Uganda Red Cross Society | U67: BRN | V67: Brunei Darussalam | W67: Number of National Society branches | X67: 4 | Y67: AR25 | AA67: Belize | AB67: Volunteers | AC67: 391 | AD67: 2024
A68: Jordan | B68: Jordan National Red Crescent Society | C68: Croissant-Rouge jordanien | D68: Media Luna Roja de Jordania | E68: جمعية الهلال الأحمر الأردني | G68: Greece | N68: Americas | O68: Guyana | Q68: Afrique | R68: Croix-Rouge de la Gambie | S68: The Gambia Red Cross Society | U68: BRN | V68: Brunei Darussalam | W68: Number of paid staff | X68: 1 | Y68: AR25 | AA68: Benin | AB68: Branches | AC68: 24 | AD68: 2024
A69: Kazakhstan | B69: Kazakh Red Crescent | C69: Croissant-Rouge du Kazakhstan | D69: Media Luna Roja de Kazajstán | E69: الهلال الأحمر الكازاخستاني | G69: Grenada | N69: Americas | O69: Haiti | Q69: Afrique | R69: Croix-Rouge de la Guinée-Bissau | S69: Red Cross Society of Guinea-Bissau | U69: BRN | V69: Brunei Darussalam | W69: Number of people volunteering | X69: 1780 | Y69: AR25 | AA69: Benin | AB69: Local Units | AC69: 103 | AD69: 2024
A70: Kenya | B70: Kenya Red Cross Society | C70: Croix-Rouge du Kenya | D70: Cruz Roja de Kenya | E70: جمعية الصليب الأحمر الكيني | G70: Guatemala | N70: Americas | O70: Honduras | Q70: Afrique | R70: Croix-Rouge de la République démocratique du Congo | S70: Red Cross of the Democratic Republic of the Congo | U70: BGR | V70: Bulgaria | W70: Number of National Society Local Units | X70: 379 | Y70: AR25 | AA70: Benin | AB70: Staff | AC70: 65 | AD70: 2024
A71: Kiribati | B71: Kiribati Red Cross Society | C71: Croix-Rouge de Kiribati | D71: Cruz Roja de Kiribati | E71: جمعية الصليب الأحمر في كيريباتي | G71: Guinea | N71: Americas | O71: Jamaica | Q71: Afrique | R71: Croix-Rouge des Seychelles | S71: Seychelles Red Cross Society | U71: BGR | V71: Bulgaria | W71: Number of National Society branches | X71: 28 | Y71: AR25 | AA71: Benin | AB71: Volunteers | AC71: 13’000 | AD71: 2024
A72: Kuwait | B72: Kuwait Red Crescent Society | C72: Croissant-Rouge du Koweït | D72: Media Luna Roja de Kuwait | E72: جمعية الهلال الأحمر الكويتي | G72: Guinea-Bissau | N72: Americas | O72: Mexico | Q72: Afrique | R72: Croix-Rouge du Burundi | S72: Burundi Red Cross | U72: BGR | V72: Bulgaria | W72: Number of paid staff | X72: 543 | Y72: AR25 | AA72: Bhutan | AB72: Branches | AC72: 21 | AD72: 2024
A73: Lao People's Democratic Republic | B73: Lao Red Cross | C73: Croix-Rouge lao | D73: Cruz Roja de Lao | E73: الصليب الأحمر اللاوسي | G73: Guyana | N73: Americas | O73: Nicaragua | Q73: Afrique | R73: Croix-Rouge du Cap-Vert | S73: Red Cross of Cape Verde | U73: BGR | V73: Bulgaria | W73: Number of people volunteering | X73: 16546 | Y73: AR25 | AA73: Bhutan | AB73: Local Units | AC73: 22 | AD73: 2024
... A109: Portugal | B109: Portuguese Red Cross | C109: Croix-Rouge portugaise | D109: Cruz Roja Portuguesa | E109: الصليب الأحمر البرتغالي | G109: Malta | N109: Asia Pacific | O109: Pakistan | Q109: Americas | R109: Dominica Red Cross Society | S109: Dominica Red Cross Society | U109: COL | V109: Colombia | W109: Number of people volunteering | X109: 20220 | Y109: AR25 | AA109: Cameroon | AB109: Staff | AC109: 148 | AD109: 2024
A110: Qatar | B110: Qatar Red Crescent Society | C110: Croissant-Rouge du Qatar | D110: Media Luna Roja de Qatar | E110: جمعية الهلال الأحمر القطري | G110: Marshall Islands | N110: Asia Pacific | O110: Palau | Q110: Americas | R110: Dominican Red Cross | S110: Dominican Red Cross | U110: COM | V110: Comoros | W110: Number of National Society Local Units | Y110: AR25 | AA110: Cameroon | AB110: Volunteers | AC110: 75’000 | AD110: 2024
A111: Azerbaijan | B111: Red Crescent Society of Azerbaijan | C111: La Société du Croissant-Rouge d'Azerbaïdjan | D111: Sociedad de la Media Luna de Azerbaiyán | E111: جمعية الهلال الأحمر الأذربيجاني | G111: Mauritania | N111: Asia Pacific | O111: Papua New Guinea | Q111: Americas | R111: Ecuadorian Red Cross | S111: Ecuadorian Red Cross | U111: COM | V111: Comoros | W111: Number of National Society branches | Y111: AR25 | AA111: Canada | AB111: Local Units | AC111: 136 | AD111: 2024
A112: Djibouti | B112: Red Crescent Society of Djibouti | C112: Société du Croissant-Rouge de Djibouti | D112: Sociedad de la Media Luna Roja de Yibutí | E112: جمعية الهلال الأحمر الجيبوتي | G112: Mauritius | N112: Asia Pacific | O112: Philippines | Q112: Americas | R112: Grenada Red Cross Society | S112: Grenada Red Cross Society | U112: COM | V112: Comoros | W112: Number of paid staff | Y112: AR25 | AA112: Canada | AB112: Staff | AC112: 3’000 | AD112: 2024
A113: Kyrgyzstan | B113: Red Crescent Society of Kyrgyzstan | C113: Société du Croissant-Rouge du Kirghizistan | D113: Sociedad de la Media Luna Roja de Kirguistán | E113: جمعية الهلال الأحمر القيرغيزي | G113: Mexico | N113: Asia Pacific | O113: Samoa | Q113: Americas | R113: Guatemalan Red Cross | S113: Guatemalan Red Cross | U113: COM | V113: Comoros | W113: Number of people volunteering | Y113: AR25 | AA113: Canada | AB113: Volunteers | AC113: 14’000 | AD113: 2024
A114: Tajikistan | B114: Red Crescent Society of Tajikistan | C114: Société du Croissant-Rouge du Tadjikistan | D114: Sociedad de la Media Luna de Tayikistán | E114: جمعية الهلال الأحمر الطاجيكي | G114: Micronesia, Federated States of | N114: Asia Pacific | O114: Singapore | Q114: Americas | R114: Haiti Red Cross Society | S114: Haiti Red Cross Society | U114: COG | V114: Congo | W114: Number of National Society Local Units | X114: 96 | Y114: AR25 | AA114: Cape Verde | AB114: Branches | AC114: 19 | AD114: 2024
A115: Iran, Islamic Republic of | B115: Red Crescent Society of the Islamic Republic of Iran | C115: Société du Croissant-Rouge de la République islamique d'Iran | D115: Sociedad de la Media Luna Roja de la República Islámica de Irán | E115: جمعية الهلال الأحمر في جمهورية إيران الإسلامية | G115: Moldova, Republic of | N115: Asia Pacific | O115: Solomon Islands | Q115: Americas | R115: Honduran Red Cross | S115: Honduran Red Cross | U115: COG | V115: Congo | W115: Number of National Society branches | X115: 15 | Y115: AR25 | AA115: Cape Verde | AB115: Local Units | AC115: 46 | AD115: 2024
A116: United Arab Emirates | B116: Red Crescent Society of the United Arab Emirates | C116: Société du Croissant-Rouge des Émirats arabes unis | D116: Sociedad de la Media Luna Roja de los Emiratos Arabes Unidos | E116: جمعية الهلال الأحمر لدولة الإمارات العربية المتحدة | G116: Monaco | N116: Asia Pacific | O116: Sri Lanka | Q116: Americas | R116: Jamaica Red Cross | S116: Jamaica Red Cross | U116: COG | V116: Congo | W116: Number of paid staff | X116: 31 | Y116: AR25 | AA116: Cape Verde | AB116: Staff | AC116: 137 | AD116: 2024
A117: Turkmenistan | B117: Red Crescent Society of Turkmenistan | C117: Société du Croissant-Rouge du Turkménistan | D117: Media Luna Roja de Turkmenistán | E117: جمعية الهلال الأحمر التركماني | G117: Mongolia | N117: Asia Pacific | O117: Thailand | Q117: Americas | R117: Mexican Red Cross | S117: Mexican Red Cross | U117: COG | V117: Congo | W117: Number of people volunteering | X117: 30500 | Y117: AR25 | AA117: Cape Verde | AB117: Volunteers | AC117: 2’000 | AD117: 2024
A118: Uzbekistan | B118: Red Crescent Society of Uzbekistan | C118: Société du Croissant-Rouge de l'Ouzbékistan | D118: Media Luna Roja de Uzbekistán | E118: جمعية الهلال الأحمر الأوزبكي | G118: Montenegro | N118: Asia Pacific | O118: Timor-Leste | Q118: Americas | R118: Paraguayan Red Cross | S118: Paraguayan Red Cross | U118: COD | V118: Congo, the Democratic Republic of the | W118: Number of National Society Local Units | X118: 307 | Y118: AR25 | AA118: Central African Republic | AB118: Branches | AC118: 1’000 | AD118: 2024
A119: Benin | B119: Red Cross of Benin | C119: Croix-Rouge béninoise | D119: Cruz Roja de Benin | E119: الصليب الأحمر في بنين | G119: Morocco | N119: Asia Pacific | O119: Tonga | Q119: Americas | R119: Peruvian Red Cross | S119: Peruvian Red Cross | U119: COD | V119: Congo, the Democratic Republic of the | W119: Number of National Society branches | X119: 26 | Y119: AR25 | AA119: Central African Republic | AB119: Local Units | AC119: 84 | AD119: 2024
A120: Cape Verde | B120: Red Cross of Cape Verde | C120: Croix-Rouge du Cap-Vert | D120: Cruz Roja de Cabo Verde | E120: الصليب الأحمر في الرأس الأخضر | G120: Mozambique | N120: Asia Pacific | O120: Tuvalu | Q120: Americas | R120: Red Cross Society of Panama | S120: Red Cross Society of Panama | U120: COD | V120: Congo, the Democratic Republic of the | W120: Number of paid staff | X120: 118 | Y120: AR25 | AA120: Central African Republic | AB120: Staff | AC120: 111 | AD120: 2024
A121: Chad | B121: Red Cross of Chad | C121: Croix-Rouge du Tchad | D121: Cruz Roja de Chad | E121: الصليب الأحمر في تشاد | G121: Myanmar | N121: Asia Pacific | O121: Vanuatu | Q121: Americas | R121: Saint Kitts and Nevis Red Cross Society | S121: Saint Kitts and Nevis Red Cross Society | U121: COD | V121: Congo, the Democratic Republic of the | W121: Number of people volunteering | X121: 503311 | Y121: AR25 | AA121: Central African Republic | AB121: Volunteers | AC121: 18’000 | AD121: 2024
A122: Equatorial Guinea | B122: Red Cross of Equatorial Guinea | C122: Croix-Rouge de Guinée équatoriale | D122: Cruz Roja de Guinea Ecuatorial | E122: الصليب الأحمر في غينيا الاستوائية | G122: Namibia | N122: Asia Pacific | O122: Viet Nam | Q122: Americas | R122: Saint Lucia Red Cross | S122: Saint Lucia Red Cross | U122: COK | V122: Cook Islands | W122: Number of National Society Local Units | X122: 12 | Y122: AR25 | AA122: Chile | AB122: Branches | AC122: 11 | AD122: 2024
A123: Monaco | B123: Red Cross of Monaco | C123: Croix-Rouge monégasque | D123: Cruz Roja Monegasca | E123: الصليب الأحمر في موناكو | G123: Nepal | N123: Europe and Central Asia | O123: Albania | Q123: Americas | R123: Saint Vincent and the Grenadines Red Cross | S123: Saint Vincent and the Grenadines Red Cross | U123: COK | V123: Cook Islands | W123: Number of National Society branches | X123: 12 | Y123: AR25 | AA123: Chile | AB123: Local Units | AC123: 141 | AD123: 2024
A124: Montenegro | B124: Red Cross of Montenegro | C124: Croix-Rouge du Monténégro | D124: Cruz Roja de Montenegro | E124: الصليب الأحمر في الجبل الأسود | G124: Netherlands | N124: Europe and Central Asia | O124: Andorra | Q124: Americas | R124: Salvadorean Red Cross Society | S124: Salvadorean Red Cross Society | U124: COK | V124: Cook Islands | W124: Number of paid staff | X124: 6 | Y124: AR25 | AA124: Chile | AB124: Staff | AC124: 26 | AD124: 2024
A125: North Macedonia | B125: Red Cross of North Macedonia | C125: Croix-Rouge de Macédoine du Nord | D125: Cruz Roja de Macedonia del Norte | E125: الصليب الأحمر في مقدونيا الشمالية | G125: New Zealand | N125: Europe and Central Asia | O125: Armenia | Q125: Americas | R125: Suriname Red Cross | S125: Suriname Red Cross | U125: COK | V125: Cook Islands | W125: Number of people volunteering | X125: 233 | Y125: AR25 | AA125: Chile | AB125: Volunteers | AC125: 3’000 | AD125: 2024
A126: Congo, the Democratic Republic of the | B126: Red Cross of the Democratic Republic of the Congo | C126: Croix-Rouge de la République démocratique du Congo | D126: Cruz Roja de la República Democrática del Congo | E126: الصليب الأحمر في جمهورية الكونغو الديمقراطية | G126: Niger | N126: Europe and Central Asia | O126: Austria | Q126: Americas | R126: The Bahamas Red Cross Society | S126: The Bahamas Red Cross Society | U126: CRI | V126: Costa Rica | W126: Number of National Society Local Units | Y126: AR25 | AA126: China | AB126: Branches | AC126: 3’000 | AD126: 2024
A127: San Marino | B127: Red Cross of the Republic of San Marino | C127: Croix-Rouge de la République de Saint-Marin | D127: Cruz Roja de la República de San Marino | E127: الصليب الأحمر في جمهورية سان مارينو | G127: Nigeria | N127: Europe and Central Asia | O127: Azerbaijan | Q127: Americas | R127: The Barbados Red Cross Society | S127: The Barbados Red Cross Society | U127: CRI | V127: Costa Rica | W127: Number of National Society branches | Y127: AR25 | AA127: China | AB127: Local Units | AC127: 241’000 | AD127: 2024
A128: China | B128: Red Cross Society of China | C128: Croix-Rouge chinoise | D128: Cruz Roja China | E128: جمعية الصليب الأحمر الصيني | G128: North Macedonia | N128: Europe and Central Asia | O128: Belarus | Q128: Americas | R128: The Canadian Red Cross Society | S128: The Canadian Red Cross Society | U128: CRI | V128: Costa Rica | W128: Number of paid staff | Y128: AR25 | AA128: China | AB128: Staff | AC128: 21’000 | AD128: 2024
A129: Côte d'Ivoire | B129: Red Cross Society of Côte d'Ivoire | C129: Croix-Rouge de Côte d'Ivoire | D129: Cruz Roja de la Côte d'Ivoire | E129: جمعية الصليب الأحمر في كوت ديفوار | G129: Norway | N129: Europe and Central Asia | O129: Belgium | Q129: Americas | R129: The Guyana Red Cross Society | S129: The Guyana Red Cross Society | U129: CRI | V129: Costa Rica | W129: Number of people volunteering | Y129: AR25 | AA129: China | AB129: Volunteers | AC129: 3.5M | AD129: 2024
A130: Georgia | B130: Red Cross Society of Georgia | C130: Société de la Croix-Rouge de Géorgie | D130: Sociedad de la Cruz Roja de Georgia | E130: جمعية الصليب الأحمر الجورجي | G130: Pakistan | N130: Europe and Central Asia | O130: Bosnia and Herzegovina | Q130: Americas | R130: The Trinidad and Tobago Red Cross Society | S130: The Trinidad and Tobago Red Cross Society | U130: HRV | V130: Croatia | W130: Number of National Society Local Units | Y130: AR25 | AA130: Colombia | AB130: Branches | AC130: 31 | AD130: 2024
A131: Guinea | B131: Red Cross Society of Guinea | C131: Croix-Rouge guinéenne | D131: Cruz Roja de Guinea | E131: جمعية الصليب الأحمر في غينيا | G131: Palau | N131: Europe and Central Asia | O131: Bulgaria | Q131: Americas | R131: Uruguayan Red Cross | S131: Uruguayan Red Cross | U131: HRV | V131: Croatia | W131: Number of National Society branches | Y131: AR25 | AA131: Colombia | AB131: Local Units | AC131: 209 | AD131: 2024
A132: Guinea-Bissau | B132: Red Cross Society of Guinea-Bissau | C132: Croix-Rouge de la Guinée-Bissau | D132: Cruz Roja de Guinea Bissau | E132: جمعية الصليب الأحمر في غينيا بيساو | G132: Palestine, State of | N132: Europe and Central Asia | O132: Croatia | Q132: Americas | R132: Venezuelan Red Cross | S132: Venezuelan Red Cross | U132: HRV | V132: Croatia | W132: Number of paid staff | Y132: AR25 | AA132: Colombia | AB132: Staff | AC132: 3’000 | AD132: 2024
A133: Niger | B133: Red Cross Society of Niger | C133: Croix-Rouge nigérienne | D133: Cruz Roja de Níger | E133: جمعية الصليب الأحمر في النيجر | G133: Panama | N133: Europe and Central Asia | O133: Cyprus | Q133: Américas | R133: Cruz Roja Americana | S133: American Red Cross | U133: HRV | V133: Croatia | W133: Number of people volunteering | Y133: AR25 | AA133: Colombia | AB133: Volunteers | AC133: 22’000 | AD133: 2024
A134: Panama | B134: Red Cross Society of Panama | C134: Croix-Rouge de Panama | D134: Cruz Roja Panameña | E134: جمعية الصليب الأحمر البنمية | G134: Papua New Guinea | N134: Europe and Central Asia | O134: Czech Republic | Q134: Américas | R134: Cruz Roja Argentina | S134: Argentine Red Cross | U134: CUB | V134: Cuba | W134: Number of National Society Local Units | Y134: AR25 | AA134: Comoros | AB134: Branches | AC134: 3 | AD134: 2024
A135: Korea, Democratic People's Republic of | B135: Red Cross Society of the Democratic People's Republic of Korea | C135: Société de la Croix-Rouge de la République populaire démocratique de Corée | D135: Sociedad de la Cruz Roja de la República Popular Democrática de Corea | E135: جمعية الصليب الأحمر في جمهورية كوريا الديمقراطية الشعبية | G135: Paraguay | N135: Europe and Central Asia | O135: Denmark | Q135: Américas | R135: Cruz Roja Boliviana | S135: Bolivian Red Cross | U135: CUB | V135: Cuba | W135: Number of National Society branches | Y135: AR25 | AA135: Comoros | AB135: Local Units | AC135: 224 | AD135: 2024
A136: Moldova, Republic of | B136: Red Cross Society of the Republic of Moldova | C136: Société de la Croix-Rouge de la République de Moldova | D136: Sociedad de la Cruz Roja de la República de Moldova | E136: جمعية الصليب الأحمر في جمهورية مولدوفا | G136: Peru | N136: Europe and Central Asia | O136: Estonia | Q136: Américas | R136: Cruz Roja Brasileña | S136: Brazilian Red Cross | U136: CUB | V136: Cuba | W136: Number of paid staff | Y136: AR25 | AA136: Comoros | AB136: Staff | AC136: 40 | AD136: 2024
A137: Romania | B137: Romanian Red Cross | C137: Croix-Rouge de Roumanie | D137: Cruz Roja de Rumanía | E137: الصليب الأحمر الروماني | G137: Philippines | N137: Europe and Central Asia | O137: Finland | Q137: Américas | R137: Cruz Roja Chilena | S137: Chilean Red Cross | U137: CUB | V137: Cuba | W137: Number of people volunteering | Y137: AR25 | AA137: Comoros | AB137: Volunteers | AC137: 4’000 | AD137: 2024
A138: Rwanda | B138: Rwandan Red Cross | C138: Croix-Rouge rwandaise | D138: Cruz Roja Ruandesa | E138: الصليب الأحمر الرواندي | G138: Poland | N138: Europe and Central Asia | O138: France | Q138: Américas | R138: Cruz Roja Costarricense | S138: Costa Rican Red Cross | U138: CIV | V138: Côte d'Ivoire | W138: Number of National Society Local Units | X138: 107 | Y138: AR25 | AA138: Congo | AB138: Branches | AC138: 15 | AD138: 2024
A139: Saint Kitts and Nevis | B139: Saint Kitts and Nevis Red Cross Society | C139: Croix-Rouge de Saint-Kitts-et-Nevis | D139: Cruz Roja de Saint Kitts y Nevis | E139: جمعية الصليب الأحمر في سانت كيتس ونيفيس | G139: Portugal | N139: Europe and Central Asia | O139: Georgia | Q139: Américas | R139: Cruz Roja Cubana | S139: Cuban Red Cross | U139: CIV | V139: Côte d'Ivoire | W139: Number of National Society branches | X139: 107 | Y139: AR25 | AA139: Congo | AB139: Local Units | AC139: 24 | AD139: 2024
A140: Saint Lucia | B140: Saint Lucia Red Cross | C140: Croix-Rouge de Sainte-Lucie | D140: Cruz Roja de Santa Lucía | E140: الصليب الأحمر في سانت لوسيا | G140: Qatar | N140: Europe and Central Asia | O140: Germany | Q140: Américas | R140: Cruz Roja Dominicana | S140: Dominican Red Cross | U140: CIV | V140: Côte d'Ivoire | W140: Number of paid staff | X140: 158 | Y140: AR25 | AA140: Congo | AB140: Staff | AC140: 31 | AD140: 2024
A141: Saint Vincent and the Grenadines | B141: Saint Vincent and the Grenadines Red Cross | C141: Croix-Rouge de Saint-Vincent-et-les-Grenadines | D141: Cruz Roja de San Vicente y las Granadinas | E141: الصليب الأحمر في سانت فنسنت وجزر غرينادين | G141: Romania | N141: Europe and Central Asia | O141: Greece | Q141: Américas | R141: Cruz Roja Ecuatoriana | S141: Ecuadorian Red Cross | U141: CIV | V141: Côte d'Ivoire | W141: Number of people volunteering | X141: 3574 | Y141: AR25 | AA141: Congo | AB141: Volunteers | AC141: 30’000 | AD141: 2024
A142: El Salvador | B142: Salvadorean Red Cross Society | C142: Croix-Rouge d'El Salvador | D142: Cruz Roja Salvadoreña | E142: جمعية الصليب الأحمر السلفادورية | G142: Russian Federation | N142: Europe and Central Asia | O142: Hungary | Q142: Américas | R142: Cruz Roja Guatemalteca | S142: Guatemalan Red Cross | U142: DJI | V142: Djibouti | W142: Number of National Society Local Units | X142: 6 | Y142: AR25 | AA142: Congo, the Democratic Republic of the | AB142: Branches | AC142: 26 | AD142: 2024
A143: Samoa | B143: Samoa Red Cross Society | C143: Croix-Rouge de Samoa | D143: Cruz Roja de Samoa | E143: جمعية الصليب الأحمر في ساموا | G143: Rwanda | N143: Europe and Central Asia | O143: Iceland | Q143: Américas | R143: Cruz Roja Hondureña | S143: Honduran Red Cross | U143: DJI | V143: Djibouti | W143: Number of National Society branches | X143: 5 | Y143: AR25 | AA143: Congo, the Democratic Republic of the | AB143: Local Units | AC143: 318 | AD143: 2024
A144: Sao Tome and Principe | B144: Sao Tome and Principe Red Cross | C144: Croix-Rouge de Sao Tomé-et-Principe | D144: Cruz Roja de Santo Tomé y Príncipe | E144: الصليب الأحمر في ساو تومي وبرينسيبي | G144: Saint Kitts and Nevis | N144: Europe and Central Asia | O144: Ireland | Q144: Américas | R144: Cruz Roja Mexicana | S144: Mexican Red Cross | U144: DJI | V144: Djibouti | W144: Number of paid staff | X144: 39 | Y144: AR25 | AA144: Congo, the Democratic Republic of the | AB144: Staff | AC144: 134 | AD144: 2024
A145: Saudi Arabia | B145: Saudi Red Crescent Authority | C145: Croissant-Rouge de l'Arabie saoudite | D145: Media Luna Roja de Arabia Saudí | E145: هيئة الهلال الأحمر السعودي | G145: Saint Lucia | N145: Europe and Central Asia | O145: Israel | Q145: Américas | R145: Cruz Roja Panameña | S145: Red Cross Society of Panama | U145: DJI | V145: Djibouti | W145: Number of people volunteering | X145: 1000 | Y145: AR25 | AA145: Congo, the Democratic Republic of the | AB145: Volunteers | AC145: 503’000 | AD145: 2024
A146: Senegal | B146: Senegalese Red Cross Society | C146: Croix-Rouge sénégalaise | D146: Cruz Roja Senegalesa | E146: جمعية الصليب الأحمر السنغالية | G146: Saint Vincent and the Grenadines | N146: Europe and Central Asia | O146: Italy | Q146: Américas | R146: Cruz Roja Paraguaya | S146: Paraguayan Red Cross | U146: DMA | V146: Dominica | W146: Number of National Society Local Units | X146: 12 | Y146: AR25 | AA146: Cook Islands | AB146: Branches | AC146: 11 | AD146: 2024
A147: Seychelles | B147: Seychelles Red Cross Society | C147: Croix-Rouge des Seychelles | D147: Cruz Roja de Seychelles | E147: جمعية الصليب الأحمر في سيشيل | G147: Samoa | N147: Europe and Central Asia | O147: Kazakhstan | Q147: Américas | R147: Cruz Roja Peruana | S147: Peruvian Red Cross | U147: DMA | V147: Dominica | W147: Number of National Society branches | X147: 11 | Y147: AR25 | AA147: Cook Islands | AB147: Local Units | AC147: 11 | AD147: 2024
A148: Sierra Leone | B148: Sierra Leone Red Cross Society | C148: Croix-Rouge de Sierra Leone | D148: Cruz Roja de Sierra Leona | E148: جمعية الصليب الأحمر في سيراليون | G148: San Marino | N148: Europe and Central Asia | O148: Kyrgyzstan | Q148: Américas | R148: Cruz Roja Salvadoreña | S148: Salvadorean Red Cross Society | U148: DMA | V148: Dominica | W148: Number of paid staff | X148: 7 | Y148: AR25 | AA148: Cook Islands | AB148: Staff | AC148: 6 | AD148: 2024
A149: Singapore | B149: Singapore Red Cross Society | C149: Société de la Croix-Rouge de Singapour | D149: Sociedad de la Cruz Roja de Singapur | E149: جمعية الصليب الأحمر في سنغافورة | G149: Sao Tome and Principe | N149: Europe and Central Asia | O149: Latvia | Q149: Américas | R149: Cruz Roja Uruguaya | S149: Uruguayan Red Cross | U149: DMA | V149: Dominica | W149: Number of people volunteering | X149: 300 | Y149: AR25 | AA149: Cook Islands | AB149: Volunteers | AC149: 158 | AD149: 2024
A150: Slovakia | B150: Slovak Red Cross | C150: Croix-Rouge slovaque | D150: Cruz Roja Eslovaca | E150: الصليب الأحمر السلوفاكي | G150: Saudi Arabia | N150: Europe and Central Asia | O150: Liechtenstein | Q150: Américas | R150: Cruz Roja Venezolana | S150: Venezuelan Red Cross | U150: DOM | V150: Dominican Republic | W150: Number of National Society Local Units | Y150: AR25 | AA150: Costa Rica | AB150: Branches | AC150: 134 | AD150: 2024
A151: Slovenia | B151: Slovenian Red Cross | C151: Croix-Rouge slovène | D151: Cruz Roja de Eslovenia | E151: الصليب الأحمر السلوفيني | G151: Senegal | N151: Europe and Central Asia | O151: Lithuania | Q151: Américas | R151: Cruz Roja de Antigua y Barbuda | S151: Antigua and Barbuda Red Cross | U151: DOM | V151: Dominican Republic | W151: Number of National Society branches | Y151: AR25 | AA151: Costa Rica | AB151: Local Units | AC151: 134 | AD151: 2024
A152: Somalia | B152: Somali Red Crescent Society | C152: Croissant-Rouge de Somalie | D152: Media Luna Roja Somalí | E152: جمعية الهلال الأحمر الصومالي | G152: Serbia | N152: Europe and Central Asia | O152: Luxembourg | Q152: Américas | R152: Cruz Roja de Barbados | S152: The Barbados Red Cross Society | U152: DOM | V152: Dominican Republic | W152: Number of paid staff | Y152: AR25 | AA152: Costa Rica | AB152: Staff | AC152: 1’000 | AD152: 2024
A153: South Sudan | B153: South Sudan Red Cross | C153: Croix-Rouge du Soudan du Sud | D153: Media Luna Roja de Sudán del Sur | E153: الصليب الأحمر في جنوب السودان | G153: Seychelles | N153: Europe and Central Asia | O153: Malta | Q153: Américas | R153: Cruz Roja de Granada | S153: Grenada Red Cross Society | U153: DOM | V153: Dominican Republic | W153: Number of people volunteering | Y153: AR25 | AA153: Costa Rica | AB153: Volunteers | AC153: 5’000 | AD153: 2024
A154: Spain | B154: Spanish Red Cross | C154: Croix-Rouge espagnole | D154: Cruz Roja Española | E154: الصليب الأحمر الإسباني | G154: Sierra Leone | N154: Europe and Central Asia | O154: Moldova, Republic of | Q154: Américas | R154: Cruz Roja de Guyana | S154: The Guyana Red Cross Society | U154: ECU | V154: Ecuador | W154: Number of National Society Local Units | X154: 200 | Y154: AR25 | AA154: Croatia | AB154: Branches | AC154: 132 | AD154: 2024
A155: Sri Lanka | B155: Sri Lanka Red Cross Society | C155: Croix-Rouge de Sri Lanka | D155: Cruz Roja de Sri Lanka | E155: جمعية الصليب الأحمر السريلانكي | G155: Singapore | N155: Europe and Central Asia | O155: Monaco | Q155: Américas | R155: Cruz Roja de Jamaica | S155: Jamaica Red Cross | U155: ECU | V155: Ecuador | W155: Number of National Society branches | X155: 24 | Y155: AR25 | AA155: Croatia | AB155: Local Units | AC155: 132 | AD155: 2024
A156: Suriname | B156: Suriname Red Cross | C156: Croix-Rouge du Suriname | D156: Cruz Roja de Surinam | E156: الصليب الأحمر السورينامي | G156: Slovakia | N156: Europe and Central Asia | O156: Montenegro | Q156: Américas | R156: Cruz Roja de Saint Kitts y Nevis | S156: Saint Kitts and Nevis Red Cross Society | U156: ECU | V156: Ecuador | W156: Number of paid staff | X156: 829 | Y156: AR25 | AA156: Croatia | AB156: Staff | AC156: 2’000 | AD156: 2024
A157: Sweden | B157: Swedish Red Cross | C157: Croix-Rouge suédoise | D157: Cruz Roja Sueca | E157: الصليب الأحمر السويدي | G157: Slovenia | N157: Europe and Central Asia | O157: Netherlands | Q157: Américas | R157: Cruz Roja de San Vicente y las Granadinas | S157: Saint Vincent and the Grenadines Red Cross | U157: ECU | V157: Ecuador | W157: Number of people volunteering | X157: 7877 | Y157: AR25 | AA157: Croatia | AB157: Volunteers | AC157: 7’000 | AD157: 2024
...

Sheet Start
C2: =TR("T01") -> 2027 Planning - Start here | L2: =TR("T02") -> Language | M2: EN
B4: =TR("T03") -> Instructions
D6: {=TR("T04")} -> Cell open for input | G6: {=TR("T05")} -> Cell Locked (or Automatically prefilled) | N6: {=TR("T06")} -> Guidance
C8: {=TR("T55")} -> USE THIS TEMPLATE ONLY IF YOU HAVE CONNECTIVITY ISSUES AND CAN'T ACCESS THE | M8: DATABANK
B10: =TR("T07") -> Select your country
M11: {=IF(Data_Country="",TR("T44"),"")} -> ⮟ Select here first!
B12: =TR("T08") -> Region | G12: =TR("T09") -> Country
C15: {=TR("T10")} -> Emergency Appeal 1 | J15: {=TR("T11")} -> Emergency Appeal 2
D16: =TR("T12") -> MDR code | K16: =TR("T12") -> MDR code
D18: =TR("T13") -> Name | K18: =TR("T13") -> Name
C21: {=TR("T14")} -> Emergency Appeal 3
D22: =TR("T12") -> MDR code
D24: =TR("T13") -> Name
B27: =TR("T15") -> National Society key figures
B29: {=TR("T16")} -> Volunteers | C29: {=IFERROR(_xlfn._xlws.FILTER(UPR[ValueNum],(UPR[Country]=Data_Country)*(UPR[Indicator]="Number of people volunteering")),"")} | E29: {=TR("T17")} -> Staff | F29: {=IFERROR(_xlfn._xlws.FILTER(UPR[ValueNum],(UPR[Country]=Data_Country)*(UPR[Indicator]="Number of paid staff")),"")} | K29: {=TR("T18")} -> Local Units | L29: {=IFERROR(_xlfn._xlws.FILTER(UPR[ValueNum],(UPR[Country]=Data_Country)*(UPR[Indicator]="Number of National Society Local Units")),"")} | N29: {=TR("T19")} -> Branches | O29: {=IFERROR(_xlfn._xlws.FILTER(UPR[ValueNum],(UPR[Country]=Data_Country)*(UPR[Indicator]="Number of National Society branches")),"")}
B31: =IF(COUNTIFS(FDRS[Country],Data_Country,FDRS[Year],2024)=0,"","FDRS 2024 ->") | C31: {=IFERROR(_xlfn._xlws.FILTER(FDRS[Value],(FDRS[Country]=Data_Country)*(FDRS[Attribute]="Volunteers"))&"","")} | F31: {=IFERROR(_xlfn._xlws.FILTER(FDRS[Value],(FDRS[Country]=Data_Country)*(FDRS[Attribute]="Staff"))&" ","")} | L31: {=IFERROR(_xlfn._xlws.FILTER(FDRS[Value],(FDRS[Country]=Data_Country)*(FDRS[Attribute]="Local Units"))&" ","")} | O31: {=IFERROR(_xlfn._xlws.FILTER(FDRS[Value],(FDRS[Country]=Data_Country)*(FDRS[Attribute]="Branches"))&" ","")}
C33: {=TR("T39")} -> Figures for volunteers, staff, local units, and branches have been prefilled if the National Society has provided its data for 2025 unified annual reporting. Please review and update these numbers if needed. FDRS 2024 figures have been listed only for reference.
C35: {=TR("T18")} -> Local Units | I35: {=TR("T19")} -> Branches
C36: {=TR("T40")} -> ALL subdivisions of a National Society that coordinate and deliver services to people. These include ALL levels (provincial, state, city, district branches, sections or chapters, headquarters, regional and intermediate offices, as well as community-based units). | I36: {=TR("T41")} -> A Branch has its roles and responsibilities and relationship with the National Headquarters defined through National Societies’ Statutes, including the level of autonomy given, especially in its legal status, mobilizing local resources, building local partnerships, and decisions it makes. It has a local-level decision-making mechanism through its Branch members, board, and volunteers, equally defined through National Societies’ Statutes.

Sheet People to be reached
A1: {=IF(Data_Country="",TR("T42"),TR("T43")& IF(Language="EN", _xlfn.XLOOKUP(Data_Country, TemplateData!A2:A192, TemplateData!B2:B192), IF(Language="FR", _xlfn.XLOOKUP(Data_Country, TemplateData!A2:A192, TemplateData!C2:C192), IF(Language="SP", _xlfn.XLOOKUP(Data_Country, TemplateData!A2:A192, TemplateData!D2:D192), IF(Language="AR", _xlfn.XLOOKUP(Data_Country, TemplateData!A2:A192, TemplateData!E2:E192), "")))))} -> Please select your country at the Start page
B2: {=IFERROR( TR("T20") & " " & IF(Language="EN", _xlfn.XLOOKUP(Data_Country, TemplateData!A2:A192, TemplateData!B2:B192), IF(Language="FR", _xlfn.XLOOKUP(Data_Country, TemplateData!A2:A192, TemplateData!C2:C192), IF(Language="SP", _xlfn.XLOOKUP(Data_Country, TemplateData!A2:A192, TemplateData!D2:D192), IF(Language="AR", _xlfn.XLOOKUP(Data_Country, TemplateData!A2:A192, TemplateData!E2:E192), "")))), TR("T42") )} -> Please select your country at the Start page
C3: =TR("T21") -> Longer term programmes
C4: =TR("T22") -> Year | D4: {=TR(Data_People[[#Headers],[SP2]])} -> Response - Disasters and Crises | E4: {=TR(Data_People[[#Headers],[SP1]])} -> Resilience - Climate and Environment | F4: {=TR(Data_People[[#Headers],[SP3]])} -> Resilience - Health and Well-being | G4: {=TR(Data_People[[#Headers],[SP4]])} -> Resilience - Migration and Displacement | H4: {=TR(Data_People[[#Headers],[SP5]])} -> Respect - Values, Power and Inclusion
C5: Year | D5: SP2 | E5: SP1 | F5: SP3 | G5: SP4 | H5: SP5
C6: 2027 | J6: =IFERROR(VLOOKUP($B$6,'Planned Bilateral Support'!$C$5:$J$34,3,FALSE),"") | K6: =IFERROR(VLOOKUP($B$6,'Planned Bilateral Support'!$C$5:$J$34,4,FALSE),"") | L6: =IFERROR(VLOOKUP($B$6,'Planned Bilateral Support'!$C$5:$J$34,5,FALSE),"") | M6: =IFERROR(VLOOKUP($B$6,'Planned Bilateral Support'!$C$5:$J$34,6,FALSE),"") | N6: =IFERROR(VLOOKUP($B$6,'Planned Bilateral Support'!$C$5:$J$34,7,FALSE),"")
C7: 2028 | J7: =IFERROR(VLOOKUP($B$6,'Planned Bilateral Support'!$C$5:$J$34,3,FALSE),"") | K7: =IFERROR(VLOOKUP($B$6,'Planned Bilateral Support'!$C$5:$J$34,4,FALSE),"") | L7: =IFERROR(VLOOKUP($B$6,'Planned Bilateral Support'!$C$5:$J$34,5,FALSE),"") | M7: =IFERROR(VLOOKUP($B$6,'Planned Bilateral Support'!$C$5:$J$34,6,FALSE),"") | N7: =IFERROR(VLOOKUP($B$6,'Planned Bilateral Support'!$C$5:$J$34,7,FALSE),"")
C8: 2029 | J8: =IFERROR(VLOOKUP($B$6,'Planned Bilateral Support'!$C$5:$J$34,3,FALSE),"") | K8: =IFERROR(VLOOKUP($B$6,'Planned Bilateral Support'!$C$5:$J$34,4,FALSE),"") | L8: =IFERROR(VLOOKUP($B$6,'Planned Bilateral Support'!$C$5:$J$34,5,FALSE),"") | M8: =IFERROR(VLOOKUP($B$6,'Planned Bilateral Support'!$C$5:$J$34,6,FALSE),"") | N8: =IFERROR(VLOOKUP($B$6,'Planned Bilateral Support'!$C$5:$J$34,7,FALSE),"")
D10: =TR("T23") -> Emergency Appeals 2027
D11: =IF(OR(Data_MDR1 = "", Data_EA1 = ""), TR("T24"), Data_MDR1&" "&Data_EA1) -> Enter in the start page the name and MDR code for the Emergency Appeal
D12: =IF(OR(Data_MDR2 = "", Data_EA2 = ""), TR("T24"), Data_MDR2&" "&Data_EA2) -> Enter in the start page the name and MDR code for the Emergency Appeal
D13: =IF(OR(Data_MDR3 = "", Data_EA3 = ""), TR("T24"), Data_MDR3&" "&Data_EA3) -> Enter in the start page the name and MDR code for the Emergency Appeal

Sheet Planned Bilateral Support
A1: {=IF(Data_Country="",TR("T42"),TR("T43")& IF(Language="EN", _xlfn.XLOOKUP(Data_Country, TemplateData!A2:A192, TemplateData!B2:B192), IF(Language="FR", _xlfn.XLOOKUP(Data_Country, TemplateData!A2:A192, TemplateData!C2:C192), IF(Language="SP", _xlfn.XLOOKUP(Data_Country, TemplateData!A2:A192, TemplateData!D2:D192), IF(Language="AR", _xlfn.XLOOKUP(Data_Country, TemplateData!A2:A192, TemplateData!E2:E192), "")))))} -> Please select your country at the Start page
B2: =TR("T25") -> Planned Bilateral Support
B3: =TR("T08") -> Region | C3: =TR("T26") -> Participating National Society name | E3: {=TR(Data_Support[[#Headers],[SP2]])} -> Response - Disasters and Crises | F3: {=TR(Data_Support[[#Headers],[SP1]])} -> Resilience - Climate and Environment | G3: {=TR(Data_Support[[#Headers],[SP3]])} -> Resilience - Health and Well-being | H3: {=TR(Data_Support[[#Headers],[SP4]])} -> Resilience - Migration and Displacement | I3: {=TR(Data_Support[[#Headers],[SP5]])} -> Respect - Values, Power and Inclusion | J3: {=TR(Data_Support[[#Headers],[EFs]])} -> Enabling Functions
B4: Region | C4: National Society name | E4: SP2 | F4: SP1 | G4: SP3 | H4: SP4 | I4: SP5 | J4: EFs | K4: NS
K5: =IF(C5="","",_xlfn.XLOOKUP(C5,Table9[NS name],Table9[Value]))
K6: =IF(C6="","",_xlfn.XLOOKUP(C6,Table9[NS name],Table9[Value]))
K7: =IF(C7="","",_xlfn.XLOOKUP(C7,Table9[NS name],Table9[Value]))
K8: =IF(C8="","",_xlfn.XLOOKUP(C8,Table9[NS name],Table9[Value]))
K9: =IF(C9="","",_xlfn.XLOOKUP(C9,Table9[NS name],Table9[Value]))
K10: =IF(C10="","",_xlfn.XLOOKUP(C10,Table9[NS name],Table9[Value]))
K11: =IF(C11="","",_xlfn.XLOOKUP(C11,Table9[NS name],Table9[Value]))
K12: =IF(C12="","",_xlfn.XLOOKUP(C12,Table9[NS name],Table9[Value]))
K13: =IF(C13="","",_xlfn.XLOOKUP(C13,Table9[NS name],Table9[Value]))
K14: =IF(C14="","",_xlfn.XLOOKUP(C14,Table9[NS name],Table9[Value]))
K15: =IF(C15="","",_xlfn.XLOOKUP(C15,Table9[NS name],Table9[Value]))
K16: =IF(C16="","",_xlfn.XLOOKUP(C16,Table9[NS name],Table9[Value]))
... K34: =IF(C34="","",_xlfn.XLOOKUP(C34,Table9[NS name],Table9[Value]))

Sheet Funding requirements
A1: {=IF(Data_Country="",TR("T42"),TR("T43")& IF(Language="EN", _xlfn.XLOOKUP(Data_Country, TemplateData!A2:A192, TemplateData!B2:B192), IF(Language="FR", _xlfn.XLOOKUP(Data_Country, TemplateData!A2:A192, TemplateData!C2:C192), IF(Language="SP", _xlfn.XLOOKUP(Data_Country, TemplateData!A2:A192, TemplateData!D2:D192), IF(Language="AR", _xlfn.XLOOKUP(Data_Country, TemplateData!A2:A192, TemplateData!E2:E192), "")))))} -> Please select your country at the Start page
B2: =TR("T27") -> Funding requirements | J2: =TR("T27") -> Funding requirements | R2: =TR("T27") -> Funding requirements
B3: =TR("T28") -> If cell is grey, it means it's closed and you need to tick the relevant SP in the Activities page in order to open it. | K3: =TR("T28") -> If cell is grey, it means it's closed and you need to tick the relevant SP in the Activities page in order to open it.
F4: =TR("T29") -> All amounts in CHF | L4: =TR("T29") -> All amounts in CHF | R4: =TR("T29") -> All amounts in CHF
C5: =TR("T23") -> Emergency Appeals 2027 | F5: =TR("T30") -> 2027 Longer term programmes | L5: =TR("T31") -> 2028 Longer term programmes | R5: =TR("T32") -> 2029 Longer term programmes
B6: =TR("T33") -> IFRC network member | C6: =IF(OR(Data_MDR1 = "", Data_EA1 = ""), TR("T24"), Data_MDR1&" "&Data_EA1) -> Enter in the start page the name and MDR code for the Emergency Appeal | D6: =IF(OR(Data_MDR2 = "", Data_EA2 = ""), TR("T24"), Data_MDR2&" "&Data_EA2) -> Enter in the start page the name and MDR code for the Emergency Appeal | E6: =IF(OR(Data_MDR3 = "", Data_EA3 = ""), TR("T24"), Data_MDR3&" "&Data_EA3) -> Enter in the start page the name and MDR code for the Emergency Appeal | F6: {=TR(LEFT(Data_FR[[#Headers],[SP2_2027]],3))} -> Response - Disasters and Crises | G6: {=TR(LEFT(Data_FR[[#Headers],[SP1_2027]],3))} -> Resilience - Climate and Environment | H6: {=TR(LEFT(Data_FR[[#Headers],[SP3_2027]],3))} -> Resilience - Health and Well-being | I6: {=TR(LEFT(Data_FR[[#Headers],[SP4_2027]],3))} -> Resilience - Migration and Displacement | J6: {=TR(LEFT(Data_FR[[#Headers],[SP5_2027]],3))} -> Respect - Values, Power and Inclusion | K6: {=TR(LEFT(Data_FR[[#Headers],[EFs_2027]],3))} -> Enabling Functions | L6: {=TR(LEFT(Data_FR[[#Headers],[SP2_2028]],3))} -> Response - Disasters and Crises | M6: {=TR(LEFT(Data_FR[[#Headers],[SP1_2028]],3))} -> Resilience - Climate and Environment | N6: {=TR(LEFT(Data_FR[[#Headers],[SP3_2028]],3))} -> Resilience - Health and Well-being | O6: {=TR(LEFT(Data_FR[[#Headers],[SP4_2028]],3))} -> Resilience - Migration and Displacement | P6: {=TR(LEFT(Data_FR[[#Headers],[SP5_2028]],3))} -> Respect - Values, Power and Inclusion | Q6: {=TR(LEFT(Data_FR[[#Headers],[EFs_2028]],3))} -> Enabling Functions | R6: {=TR(LEFT(Data_FR[[#Headers],[SP2_2029]],3))} -> Response - Disasters and Crises | S6: {=TR(LEFT(Data_FR[[#Headers],[SP1_2029]],3))} -> Resilience - Climate and Environment | T6: {=TR(LEFT(Data_FR[[#Headers],[SP3_2029]],3))} -> Resilience - Health and Well-being | U6: {=TR(LEFT(Data_FR[[#Headers],[SP4_2029]],3))} -> Resilience - Migration and Displacement | V6: {=TR(LEFT(Data_FR[[#Headers],[SP5_2029]],3))} -> Respect - Values, Power and Inclusion | W6: {=TR(LEFT(Data_FR[[#Headers],[EFs_2029]],3))} -> Enabling Functions
B7: National Society name | C7: EA1_2027 | D7: EA2_2027 | E7: EA3_2027 | F7: SP2_2027 | G7: SP1_2027 | H7: SP3_2027 | I7: SP4_2027 | J7: SP5_2027 | K7: EFs_2027 | L7: SP2_2028 | M7: SP1_2028 | N7: SP3_2028 | O7: SP4_2028 | P7: SP5_2028 | Q7: EFs_2028 | R7: SP2_2029 | S7: SP1_2029 | T7: SP3_2029 | U7: SP4_2029 | V7: SP5_2029 | W7: EFs_2029 | X7: NS | Z7: SP1 | AA7: SP2 | AB7: Sp3 | AC7: SP4 | AD7: SP5 | AE7: EA
B8: =IFERROR( TR("T34") & _xlfn.UNICHAR(10) & IF(Language="EN", _xlfn.XLOOKUP(Data_Country, TemplateData!A2:A192, TemplateData!B2:B192), IF(Language="SP", _xlfn.XLOOKUP(Data_Country, TemplateData!A2:A192, TemplateData!C2:C192), IF(Language="FR", _xlfn.XLOOKUP(Data_Country, TemplateData!A2:A192, TemplateData!D2:D192), IF(Language="AR", _xlfn.XLOOKUP(Data_Country, TemplateData!A2:A192, TemplateData!E2:E192), "")))), "Select a country in the Start page" ) -> Select a country in the Start page | X8: ="Host National Society"&_xlfn.UNICHAR(10)&_xlfn.XLOOKUP(Data_Country,TemplateData!A2:A192,TemplateData!B2:B192) -> #N/A
B9: =TR("T35") -> IFRC Secretariat | X9: IFRC Secretariat
B10: {=IFERROR(_xlfn.UNIQUE(_xlfn._xlws.FILTER('Planned Bilateral Support'!$C$5:$C$34,'Planned Bilateral Support'!$C$5:$C$34<>"")),"")} | X10: =IF(B10="","",_xlfn.XLOOKUP(B10,Table9[NS name],Table9[Value])) | Z10: =IFERROR(_xlfn.XLOOKUP($X10,Data_Support[NS],Data_Support[SP2]),"") -> 0 | AA10: =IFERROR(_xlfn.XLOOKUP($X10,Data_Support[NS],Data_Support[SP1]),"") -> 0 | AB10: =IFERROR(_xlfn.XLOOKUP($X10,Data_Support[NS],Data_Support[SP3]),"") -> 0 | AC10: =IFERROR(_xlfn.XLOOKUP($X10,Data_Support[NS],Data_Support[SP4]),"") -> 0 | AD10: =IFERROR(_xlfn.XLOOKUP($X10,Data_Support[NS],Data_Support[SP5]),"") -> 0 | AE10: =IFERROR(_xlfn.XLOOKUP($X10,Data_Support[NS],Data_Support[EFs]),"") -> 0
X11: =IF(B11="","",_xlfn.XLOOKUP(B11,Table9[NS name],Table9[Value])) | Z11: =IFERROR(_xlfn.XLOOKUP($X11,Data_Support[NS],Data_Support[SP2]),"") -> 0 | AA11: =IFERROR(_xlfn.XLOOKUP($X11,Data_Support[NS],Data_Support[SP1]),"") -> 0 | AB11: =IFERROR(_xlfn.XLOOKUP($X11,Data_Support[NS],Data_Support[SP3]),"") -> 0 | AC11: =IFERROR(_xlfn.XLOOKUP($X11,Data_Support[NS],Data_Support[SP4]),"") -> 0 | AD11: =IFERROR(_xlfn.XLOOKUP($X11,Data_Support[NS],Data_Support[SP5]),"") -> 0 | AE11: =IFERROR(_xlfn.XLOOKUP($X11,Data_Support[NS],Data_Support[EFs]),"") -> 0
X12: =IF(B12="","",_xlfn.XLOOKUP(B12,Table9[NS name],Table9[Value])) | Z12: =IFERROR(_xlfn.XLOOKUP($X12,Data_Support[NS],Data_Support[SP2]),"") -> 0 | AA12: =IFERROR(_xlfn.XLOOKUP($X12,Data_Support[NS],Data_Support[SP1]),"") -> 0 | AB12: =IFERROR(_xlfn.XLOOKUP($X12,Data_Support[NS],Data_Support[SP3]),"") -> 0 | AC12: =IFERROR(_xlfn.XLOOKUP($X12,Data_Support[NS],Data_Support[SP4]),"") -> 0 | AD12: =IFERROR(_xlfn.XLOOKUP($X12,Data_Support[NS],Data_Support[SP5]),"") -> 0 | AE12: =IFERROR(_xlfn.XLOOKUP($X12,Data_Support[NS],Data_Support[EFs]),"") -> 0
X13: =IF(B13="","",_xlfn.XLOOKUP(B13,Table9[NS name],Table9[Value])) | Z13: =IFERROR(_xlfn.XLOOKUP($X13,Data_Support[NS],Data_Support[SP2]),"") -> 0 | AA13: =IFERROR(_xlfn.XLOOKUP($X13,Data_Support[NS],Data_Support[SP1]),"") -> 0 | AB13: =IFERROR(_xlfn.XLOOKUP($X13,Data_Support[NS],Data_Support[SP3]),"") -> 0 | AC13: =IFERROR(_xlfn.XLOOKUP($X13,Data_Support[NS],Data_Support[SP4]),"") -> 0 | AD13: =IFERROR(_xlfn.XLOOKUP($X13,Data_Support[NS],Data_Support[SP5]),"") -> 0 | AE13: =IFERROR(_xlfn.XLOOKUP($X13,Data_Support[NS],Data_Support[EFs]),"") -> 0
X14: =IF(B14="","",_xlfn.XLOOKUP(B14,Table9[NS name],Table9[Value])) | Z14: =IFERROR(_xlfn.XLOOKUP($X14,Data_Support[NS],Data_Support[SP2]),"") -> 0 | AA14: =IFERROR(_xlfn.XLOOKUP($X14,Data_Support[NS],Data_Support[SP1]),"") -> 0 | AB14: =IFERROR(_xlfn.XLOOKUP($X14,Data_Support[NS],Data_Support[SP3]),"") -> 0 | AC14: =IFERROR(_xlfn.XLOOKUP($X14,Data_Support[NS],Data_Support[SP4]),"") -> 0 | AD14: =IFERROR(_xlfn.XLOOKUP($X14,Data_Support[NS],Data_Support[SP5]),"") -> 0 | AE14: =IFERROR(_xlfn.XLOOKUP($X14,Data_Support[NS],Data_Support[EFs]),"") -> 0
X15: =IF(B15="","",_xlfn.XLOOKUP(B15,Table9[NS name],Table9[Value])) | Z15: =IFERROR(_xlfn.XLOOKUP($X15,Data_Support[NS],Data_Support[SP2]),"") -> 0 | AA15: =IFERROR(_xlfn.XLOOKUP($X15,Data_Support[NS],Data_Support[SP1]),"") -> 0 | AB15: =IFERROR(_xlfn.XLOOKUP($X15,Data_Support[NS],Data_Support[SP3]),"") -> 0 | AC15: =IFERROR(_xlfn.XLOOKUP($X15,Data_Support[NS],Data_Support[SP4]),"") -> 0 | AD15: =IFERROR(_xlfn.XLOOKUP($X15,Data_Support[NS],Data_Support[SP5]),"") -> 0 | AE15: =IFERROR(_xlfn.XLOOKUP($X15,Data_Support[NS],Data_Support[EFs]),"") -> 0
X16: =IF(B16="","",_xlfn.XLOOKUP(B16,Table9[NS name],Table9[Value])) | Z16: =IFERROR(_xlfn.XLOOKUP($X16,Data_Support[NS],Data_Support[SP2]),"") -> 0 | AA16: =IFERROR(_xlfn.XLOOKUP($X16,Data_Support[NS],Data_Support[SP1]),"") -> 0 | AB16: =IFERROR(_xlfn.XLOOKUP($X16,Data_Support[NS],Data_Support[SP3]),"") -> 0 | AC16: =IFERROR(_xlfn.XLOOKUP($X16,Data_Support[NS],Data_Support[SP4]),"") -> 0 | AD16: =IFERROR(_xlfn.XLOOKUP($X16,Data_Support[NS],Data_Support[SP5]),"") -> 0 | AE16: =IFERROR(_xlfn.XLOOKUP($X16,Data_Support[NS],Data_Support[EFs]),"") -> 0
X17: =IF(B17="","",_xlfn.XLOOKUP(B17,Table9[NS name],Table9[Value])) | Z17: =IFERROR(_xlfn.XLOOKUP($X17,Data_Support[NS],Data_Support[SP2]),"") -> 0 | AA17: =IFERROR(_xlfn.XLOOKUP($X17,Data_Support[NS],Data_Support[SP1]),"") -> 0 | AB17: =IFERROR(_xlfn.XLOOKUP($X17,Data_Support[NS],Data_Support[SP3]),"") -> 0 | AC17: =IFERROR(_xlfn.XLOOKUP($X17,Data_Support[NS],Data_Support[SP4]),"") -> 0 | AD17: =IFERROR(_xlfn.XLOOKUP($X17,Data_Support[NS],Data_Support[SP5]),"") -> 0 | AE17: =IFERROR(_xlfn.XLOOKUP($X17,Data_Support[NS],Data_Support[EFs]),"") -> 0
X18: =IF(B18="","",_xlfn.XLOOKUP(B18,Table9[NS name],Table9[Value])) | Z18: =IFERROR(_xlfn.XLOOKUP($X18,Data_Support[NS],Data_Support[SP2]),"") -> 0 | AA18: =IFERROR(_xlfn.XLOOKUP($X18,Data_Support[NS],Data_Support[SP1]),"") -> 0 | AB18: =IFERROR(_xlfn.XLOOKUP($X18,Data_Support[NS],Data_Support[SP3]),"") -> 0 | AC18: =IFERROR(_xlfn.XLOOKUP($X18,Data_Support[NS],Data_Support[SP4]),"") -> 0 | AD18: =IFERROR(_xlfn.XLOOKUP($X18,Data_Support[NS],Data_Support[SP5]),"") -> 0 | AE18: =IFERROR(_xlfn.XLOOKUP($X18,Data_Support[NS],Data_Support[EFs]),"") -> 0
X19: =IF(B19="","",_xlfn.XLOOKUP(B19,Table9[NS name],Table9[Value])) | Z19: =IFERROR(_xlfn.XLOOKUP($X19,Data_Support[NS],Data_Support[SP2]),"") -> 0 | AA19: =IFERROR(_xlfn.XLOOKUP($X19,Data_Support[NS],Data_Support[SP1]),"") -> 0 | AB19: =IFERROR(_xlfn.XLOOKUP($X19,Data_Support[NS],Data_Support[SP3]),"") -> 0 | AC19: =IFERROR(_xlfn.XLOOKUP($X19,Data_Support[NS],Data_Support[SP4]),"") -> 0 | AD19: =IFERROR(_xlfn.XLOOKUP($X19,Data_Support[NS],Data_Support[SP5]),"") -> 0 | AE19: =IFERROR(_xlfn.XLOOKUP($X19,Data_Support[NS],Data_Support[EFs]),"") -> 0
X20: =IF(B20="","",_xlfn.XLOOKUP(B20,Table9[NS name],Table9[Value])) | Z20: =IFERROR(_xlfn.XLOOKUP($X20,Data_Support[NS],Data_Support[SP2]),"") -> 0 | AA20: =IFERROR(_xlfn.XLOOKUP($X20,Data_Support[NS],Data_Support[SP1]),"") -> 0 | AB20: =IFERROR(_xlfn.XLOOKUP($X20,Data_Support[NS],Data_Support[SP3]),"") -> 0 | AC20: =IFERROR(_xlfn.XLOOKUP($X20,Data_Support[NS],Data_Support[SP4]),"") -> 0 | AD20: =IFERROR(_xlfn.XLOOKUP($X20,Data_Support[NS],Data_Support[SP5]),"") -> 0 | AE20: =IFERROR(_xlfn.XLOOKUP($X20,Data_Support[NS],Data_Support[EFs]),"") -> 0
X21: =IF(B21="","",_xlfn.XLOOKUP(B21,Table9[NS name],Table9[Value])) | Z21: =IFERROR(_xlfn.XLOOKUP($X21,Data_Support[NS],Data_Support[SP2]),"") -> 0 | AA21: =IFERROR(_xlfn.XLOOKUP($X21,Data_Support[NS],Data_Support[SP1]),"") -> 0 | AB21: =IFERROR(_xlfn.XLOOKUP($X21,Data_Support[NS],Data_Support[SP3]),"") -> 0 | AC21: =IFERROR(_xlfn.XLOOKUP($X21,Data_Support[NS],Data_Support[SP4]),"") -> 0 | AD21: =IFERROR(_xlfn.XLOOKUP($X21,Data_Support[NS],Data_Support[SP5]),"") -> 0 | AE21: =IFERROR(_xlfn.XLOOKUP($X21,Data_Support[NS],Data_Support[EFs]),"") -> 0
X22: =IF(B22="","",_xlfn.XLOOKUP(B22,Table9[NS name],Table9[Value])) | Z22: =IFERROR(_xlfn.XLOOKUP($X22,Data_Support[NS],Data_Support[SP2]),"") -> 0 | AA22: =IFERROR(_xlfn.XLOOKUP($X22,Data_Support[NS],Data_Support[SP1]),"") -> 0 | AB22: =IFERROR(_xlfn.XLOOKUP($X22,Data_Support[NS],Data_Support[SP3]),"") -> 0 | AC22: =IFERROR(_xlfn.XLOOKUP($X22,Data_Support[NS],Data_Support[SP4]),"") -> 0 | AD22: =IFERROR(_xlfn.XLOOKUP($X22,Data_Support[NS],Data_Support[SP5]),"") -> 0 | AE22: =IFERROR(_xlfn.XLOOKUP($X22,Data_Support[NS],Data_Support[EFs]),"") -> 0
... X33: =IF(B33="","",_xlfn.XLOOKUP(B33,Table9[NS name],Table9[Value])) | Z33: =IFERROR(_xlfn.XLOOKUP($X33,Data_Support[NS],Data_Support[SP2]),"") -> 0 | AA33: =IFERROR(_xlfn.XLOOKUP($X33,Data_Support[NS],Data_Support[SP1]),"") -> 0 | AB33: =IFERROR(_xlfn.XLOOKUP($X33,Data_Support[NS],Data_Support[SP3]),"") -> 0 | AC33: =IFERROR(_xlfn.XLOOKUP($X33,Data_Support[NS],Data_Support[SP4]),"") -> 0 | AD33: =IFERROR(_xlfn.XLOOKUP($X33,Data_Support[NS],Data_Support[SP5]),"") -> 0 | AE33: =IFERROR(_xlfn.XLOOKUP($X33,Data_Support[NS],Data_Support[EFs]),"") -> 0

Sheet Comments
G2: =TR("T36") -> Comments
